Order ID,Order Date,Ship Date,Ship Mode,Customer ID,Segment,Country,City,State,Region,Category,Sub-Category,Sales,Quantity,Discount,Profit
CA-2016-152156,11/8/16,11/11/16,Second Class,CG-12520,Consumer,United States,Henderson,Kentucky,South,Furniture,Bookcases,261.96,2,0.0,41.91
CA-2016-152156,11/8/16,11/11/16,Second Class,CG-12520,Consumer,United States,Henderson,Kentucky,South,Furniture,Chairs,731.94,3,0.0,219.58
CA-2016-138688,6/12/16,6/16/16,Second Class,DV-13045,Corporate,United States,Los Angeles,California,West,Office Supplies,Labels,14.62,2,0.0,6.87
US-2015-108966,10/11/15,10/18/15,Standard Class,SO-20335,Home Office,United States,Fort Lauderdale,Florida,South,Technology,Phones,957.58,5,0.2,183.14
